KALYANI,No Records,https://www.nseindia.com/products/dynaContent/common/productsSymbolMapping.jsp?symbol=KALYANI&segmentLink=3&symbolCount=2&series=ALL&dateRange=+&fromDate=01-01-2017&toDate=01-04-2017&dataType=PRICEVOLUMEDELIVERABLE,2
KALYANI,No Records,https://www.nseindia.com/products/dynaContent/common/productsSymbolMapping.jsp?symbol=KALYANI&segmentLink=3&symbolCount=2&series=ALL&dateRange=+&fromDate=02-04-2017&toDate=30-06-2017&dataType=PRICEVOLUMEDELIVERABLE,2
KALYANI,No Records,https://www.nseindia.com/products/dynaContent/common/productsSymbolMapping.jsp?symbol=KALYANI&segmentLink=3&symbolCount=2&series=ALL&dateRange=+&fromDate=01-07-2017&toDate=26-10-2017&dataType=PRICEVOLUMEDELIVERABLE,2
BHALCHANDR,No Records,https://www.nseindia.com/products/dynaContent/common/productsSymbolMapping.jsp?symbol=BHALCHANDR&segmentLink=3&symbolCount=1&series=ALL&dateRange=+&fromDate=01-01-2017&toDate=01-04-2017&dataType=PRICEVOLUMEDELIVERABLE,1
BHALCHANDR,No Records,https://www.nseindia.com/products/dynaContent/common/productsSymbolMapping.jsp?symbol=BHALCHANDR&segmentLink=3&symbolCount=1&series=ALL&dateRange=+&fromDate=02-04-2017&toDate=30-06-2017&dataType=PRICEVOLUMEDELIVERABLE,1
BHALCHANDR,No Records,https://www.nseindia.com/products/dynaContent/common/productsSymbolMapping.jsp?symbol=BHALCHANDR&segmentLink=3&symbolCount=1&series=ALL&dateRange=+&fromDate=01-07-2017&toDate=26-10-2017&dataType=PRICEVOLUMEDELIVERABLE,1
ABNINT,No Records,https://www.nseindia.com/products/dynaContent/common/productsSymbolMapping.jsp?symbol=ABNINT&segmentLink=3&symbolCount=1&series=ALL&dateRange=+&fromDate=01-01-2017&toDate=01-04-2017&dataType=PRICEVOLUMEDELIVERABLE,1
ABNINT,No Records,https://www.nseindia.com/products/dynaContent/common/productsSymbolMapping.jsp?symbol=ABNINT&segmentLink=3&symbolCount=1&series=ALL&dateRange=+&fromDate=02-04-2017&toDate=30-06-2017&dataType=PRICEVOLUMEDELIVERABLE,1
ABNINT,No Records,https://www.nseindia.com/products/dynaContent/common/productsSymbolMapping.jsp?symbol=ABNINT&segmentLink=3&symbolCount=1&series=ALL&dateRange=+&fromDate=01-07-2017&toDate=26-10-2017&dataType=PRICEVOLUMEDELIVERABLE,1
ARENTERP,No Records,https://www.nseindia.com/products/dynaContent/common/productsSymbolMapping.jsp?symbol=ARENTERP&segmentLink=3&symbolCount=1&series=ALL&dateRange=+&fromDate=01-01-2017&toDate=01-04-2017&dataType=PRICEVOLUMEDELIVERABLE,1
ARENTERP,No Records,https://www.nseindia.com/products/dynaContent/common/productsSymbolMapping.jsp?symbol=ARENTERP&segmentLink=3&symbolCount=1&series=ALL&dateRange=+&fromDate=02-04-2017&toDate=30-06-2017&dataType=PRICEVOLUMEDELIVERABLE,1
ARENTERP,No Records,https://www.nseindia.com/products/dynaContent/common/productsSymbolMapping.jsp?symbol=ARENTERP&segmentLink=3&symbolCount=1&series=ALL&dateRange=+&fromDate=01-07-2017&toDate=26-10-2017&dataType=PRICEVOLUMEDELIVERABLE,1
NIRAJISPAT,No Records,https://www.nseindia.com/products/dynaContent/common/productsSymbolMapping.jsp?symbol=NIRAJISPAT&segmentLink=3&symbolCount=1&series=ALL&dateRange=+&fromDate=01-01-2017&toDate=01-04-2017&dataType=PRICEVOLUMEDELIVERABLE,1
NIRAJISPAT,No Records,https://www.nseindia.com/products/dynaContent/common/productsSymbolMapping.jsp?symbol=NIRAJISPAT&segmentLink=3&symbolCount=1&series=ALL&dateRange=+&fromDate=02-04-2017&toDate=30-06-2017&dataType=PRICEVOLUMEDELIVERABLE,1
NIRAJISPAT,No Records,https://www.nseindia.com/products/dynaContent/common/productsSymbolMapping.jsp?symbol=NIRAJISPAT&segmentLink=3&symbolCount=1&series=ALL&dateRange=+&fromDate=01-07-2017&toDate=26-10-2017&dataType=PRICEVOLUMEDELIVERABLE,1
ABCAPITAL,No Records,https://www.nseindia.com/products/dynaContent/common/productsSymbolMapping.jsp?symbol=ABCAPITAL&segmentLink=3&symbolCount=1&series=ALL&dateRange=+&fromDate=01-01-2017&toDate=01-04-2017&dataType=PRICEVOLUMEDELIVERABLE,1
ABCAPITAL,No Records,https://www.nseindia.com/products/dynaContent/common/productsSymbolMapping.jsp?symbol=ABCAPITAL&segmentLink=3&symbolCount=1&series=ALL&dateRange=+&fromDate=02-04-2017&toDate=30-06-2017&dataType=PRICEVOLUMEDELIVERABLE,1
AXISNIFTY,No Records,https://www.nseindia.com/products/dynaContent/common/productsSymbolMapping.jsp?symbol=AXISNIFTY&segmentLink=3&symbolCount=1&series=ALL&dateRange=+&fromDate=01-01-2017&toDate=01-04-2017&dataType=PRICEVOLUMEDELIVERABLE,1
AXISNIFTY,No Records,https://www.nseindia.com/products/dynaContent/common/productsSymbolMapping.jsp?symbol=AXISNIFTY&segmentLink=3&symbolCount=1&series=ALL&dateRange=+&fromDate=02-04-2017&toDate=30-06-2017&dataType=PRICEVOLUMEDELIVERABLE,1
FORTUNEFIN,No Records,https://www.nseindia.com/products/dynaContent/common/productsSymbolMapping.jsp?symbol=FORTUNEFIN&segmentLink=3&symbolCount=1&series=ALL&dateRange=+&fromDate=01-01-2017&toDate=01-04-2017&dataType=PRICEVOLUMEDELIVERABLE,1
FORTUNEFIN,No Records,https://www.nseindia.com/products/dynaContent/common/productsSymbolMapping.jsp?symbol=FORTUNEFIN&segmentLink=3&symbolCount=1&series=ALL&dateRange=+&fromDate=02-04-2017&toDate=30-06-2017&dataType=PRICEVOLUMEDELIVERABLE,1
DCAL,No Records,https://www.nseindia.com/products/dynaContent/common/productsSymbolMapping.jsp?symbol=DCAL&segmentLink=3&symbolCount=1&series=ALL&dateRange=+&fromDate=01-01-2017&toDate=01-04-2017&dataType=PRICEVOLUMEDELIVERABLE,1
DCAL,No Records,https://www.nseindia.com/products/dynaContent/common/productsSymbolMapping.jsp?symbol=DCAL&segmentLink=3&symbolCount=1&series=ALL&dateRange=+&fromDate=02-04-2017&toDate=30-06-2017&dataType=PRICEVOLUMEDELIVERABLE,1
BETA,No Records,https://www.nseindia.com/products/dynaContent/common/productsSymbolMapping.jsp?symbol=BETA&segmentLink=3&symbolCount=2&series=ALL&dateRange=+&fromDate=01-01-2017&toDate=01-04-2017&dataType=PRICEVOLUMEDELIVERABLE,2
BETA,No Records,https://www.nseindia.com/products/dynaContent/common/productsSymbolMapping.jsp?symbol=BETA&segmentLink=3&symbolCount=2&series=ALL&dateRange=+&fromDate=02-04-2017&toDate=30-06-2017&dataType=PRICEVOLUMEDELIVERABLE,2
DPWIRES,No Records,https://www.nseindia.com/products/dynaContent/common/productsSymbolMapping.jsp?symbol=DPWIRES&segmentLink=3&symbolCount=1&series=ALL&dateRange=+&fromDate=01-01-2017&toDate=01-04-2017&dataType=PRICEVOLUMEDELIVERABLE,1
DPWIRES,No Records,https://www.nseindia.com/products/dynaContent/common/productsSymbolMapping.jsp?symbol=DPWIRES&segmentLink=3&symbolCount=1&series=ALL&dateRange=+&fromDate=02-04-2017&toDate=30-06-2017&dataType=PRICEVOLUMEDELIVERABLE,1
BOHRA,No Records,https://www.nseindia.com/products/dynaContent/common/productsSymbolMapping.jsp?symbol=BOHRA&segmentLink=3&symbolCount=1&series=ALL&dateRange=+&fromDate=01-01-2017&toDate=01-04-2017&dataType=PRICEVOLUMEDELIVERABLE,1
