Symbol,No content,https://www.nseindia.com/products/dynaContent/common/productsSymbolMapping.jsp?symbol=Symbol&segmentLink=3&symbolCount=0&series=ALL&dateRange=+&fromDate=01-01-2017&toDate=01-04-2017&dataType=PRICEVOLUMEDELIVERABLE
Symbol,No content,https://www.nseindia.com/products/dynaContent/common/productsSymbolMapping.jsp?symbol=Symbol&segmentLink=3&symbolCount=0&series=ALL&dateRange=+&fromDate=02-04-2017&toDate=30-06-2017&dataType=PRICEVOLUMEDELIVERABLE
Symbol,No content,https://www.nseindia.com/products/dynaContent/common/productsSymbolMapping.jsp?symbol=Symbol&segmentLink=3&symbolCount=0&series=ALL&dateRange=+&fromDate=01-07-2017&toDate=19-09-2017&dataType=PRICEVOLUMEDELIVERABLE
AVADHSUGAR,No content,https://www.nseindia.com/products/dynaContent/common/productsSymbolMapping.jsp?symbol=AVADHSUGAR&segmentLink=3&symbolCount=1&series=ALL&dateRange=+&fromDate=01-01-2017&toDate=01-04-2017&dataType=PRICEVOLUMEDELIVERABLE
AVADHSUGAR,No content,https://www.nseindia.com/products/dynaContent/common/productsSymbolMapping.jsp?symbol=AVADHSUGAR&segmentLink=3&symbolCount=1&series=ALL&dateRange=+&fromDate=02-04-2017&toDate=30-06-2017&dataType=PRICEVOLUMEDELIVERABLE
BDR,No content,https://www.nseindia.com/products/dynaContent/common/productsSymbolMapping.jsp?symbol=BDR&segmentLink=3&symbolCount=2&series=ALL&dateRange=+&fromDate=02-04-2017&toDate=30-06-2017&dataType=PRICEVOLUMEDELIVERABLE
BDR,No content,https://www.nseindia.com/products/dynaContent/common/productsSymbolMapping.jsp?symbol=BDR&segmentLink=3&symbolCount=2&series=ALL&dateRange=+&fromDate=01-07-2017&toDate=19-09-2017&dataType=PRICEVOLUMEDELIVERABLE
BHAGYAPROP,No content,https://www.nseindia.com/products/dynaContent/common/productsSymbolMapping.jsp?symbol=BHAGYAPROP&segmentLink=3&symbolCount=1&series=ALL&dateRange=+&fromDate=01-01-2017&toDate=01-04-2017&dataType=PRICEVOLUMEDELIVERABLE
BHAGYAPROP,No content,https://www.nseindia.com/products/dynaContent/common/productsSymbolMapping.jsp?symbol=BHAGYAPROP&segmentLink=3&symbolCount=1&series=ALL&dateRange=+&fromDate=02-04-2017&toDate=30-06-2017&dataType=PRICEVOLUMEDELIVERABLE
BIOFILCHEM,No content,https://www.nseindia.com/products/dynaContent/common/productsSymbolMapping.jsp?symbol=BIOFILCHEM&segmentLink=3&symbolCount=1&series=ALL&dateRange=+&fromDate=01-01-2017&toDate=01-04-2017&dataType=PRICEVOLUMEDELIVERABLE
BIOFILCHEM,No content,https://www.nseindia.com/products/dynaContent/common/productsSymbolMapping.jsp?symbol=BIOFILCHEM&segmentLink=3&symbolCount=1&series=ALL&dateRange=+&fromDate=02-04-2017&toDate=30-06-2017&dataType=PRICEVOLUMEDELIVERABLE
DCAL,No content,https://www.nseindia.com/products/dynaContent/common/productsSymbolMapping.jsp?symbol=DCAL&segmentLink=3&symbolCount=1&series=ALL&dateRange=+&fromDate=01-01-2017&toDate=01-04-2017&dataType=PRICEVOLUMEDELIVERABLE
DCAL,No content,https://www.nseindia.com/products/dynaContent/common/productsSymbolMapping.jsp?symbol=DCAL&segmentLink=3&symbolCount=1&series=ALL&dateRange=+&fromDate=02-04-2017&toDate=30-06-2017&dataType=PRICEVOLUMEDELIVERABLE
DCAL,No content,https://www.nseindia.com/products/dynaContent/common/productsSymbolMapping.jsp?symbol=DCAL&segmentLink=3&symbolCount=1&series=ALL&dateRange=+&fromDate=01-07-2017&toDate=19-09-2017&dataType=PRICEVOLUMEDELIVERABLE
FOCUS,No content,https://www.nseindia.com/products/dynaContent/common/productsSymbolMapping.jsp?symbol=FOCUS&segmentLink=3&symbolCount=2&series=ALL&dateRange=+&fromDate=01-01-2017&toDate=01-04-2017&dataType=PRICEVOLUMEDELIVERABLE
GANGESSECU,No content,https://www.nseindia.com/products/dynaContent/common/productsSymbolMapping.jsp?symbol=GANGESSECU&segmentLink=3&symbolCount=1&series=ALL&dateRange=+&fromDate=01-01-2017&toDate=01-04-2017&dataType=PRICEVOLUMEDELIVERABLE
GANGESSECU,No content,https://www.nseindia.com/products/dynaContent/common/productsSymbolMapping.jsp?symbol=GANGESSECU&segmentLink=3&symbolCount=1&series=ALL&dateRange=+&fromDate=02-04-2017&toDate=30-06-2017&dataType=PRICEVOLUMEDELIVERABLE
KALYANI,No content,https://www.nseindia.com/products/dynaContent/common/productsSymbolMapping.jsp?symbol=KALYANI&segmentLink=3&symbolCount=2&series=ALL&dateRange=+&fromDate=01-01-2017&toDate=01-04-2017&dataType=PRICEVOLUMEDELIVERABLE
KALYANI,No content,https://www.nseindia.com/products/dynaContent/common/productsSymbolMapping.jsp?symbol=KALYANI&segmentLink=3&symbolCount=2&series=ALL&dateRange=+&fromDate=02-04-2017&toDate=30-06-2017&dataType=PRICEVOLUMEDELIVERABLE
KALYANI,No content,https://www.nseindia.com/products/dynaContent/common/productsSymbolMapping.jsp?symbol=KALYANI&segmentLink=3&symbolCount=2&series=ALL&dateRange=+&fromDate=01-07-2017&toDate=19-09-2017&dataType=PRICEVOLUMEDELIVERABLE
LASA,No content,https://www.nseindia.com/products/dynaContent/common/productsSymbolMapping.jsp?symbol=LASA&segmentLink=3&symbolCount=2&series=ALL&dateRange=+&fromDate=01-01-2017&toDate=01-04-2017&dataType=PRICEVOLUMEDELIVERABLE
LASA,No content,https://www.nseindia.com/products/dynaContent/common/productsSymbolMapping.jsp?symbol=LASA&segmentLink=3&symbolCount=2&series=ALL&dateRange=+&fromDate=02-04-2017&toDate=30-06-2017&dataType=PRICEVOLUMEDELIVERABLE
LASA,No content,https://www.nseindia.com/products/dynaContent/common/productsSymbolMapping.jsp?symbol=LASA&segmentLink=3&symbolCount=2&series=ALL&dateRange=+&fromDate=01-07-2017&toDate=19-09-2017&dataType=PRICEVOLUMEDELIVERABLE
LEXUS,No content,https://www.nseindia.com/products/dynaContent/common/productsSymbolMapping.jsp?symbol=LEXUS&segmentLink=3&symbolCount=1&series=ALL&dateRange=+&fromDate=01-01-2017&toDate=01-04-2017&dataType=PRICEVOLUMEDELIVERABLE
LEXUS,No content,https://www.nseindia.com/products/dynaContent/common/productsSymbolMapping.jsp?symbol=LEXUS&segmentLink=3&symbolCount=1&series=ALL&dateRange=+&fromDate=02-04-2017&toDate=30-06-2017&dataType=PRICEVOLUMEDELIVERABLE
MAGADSUGAR,No content,https://www.nseindia.com/products/dynaContent/common/productsSymbolMapping.jsp?symbol=MAGADSUGAR&segmentLink=3&symbolCount=1&series=ALL&dateRange=+&fromDate=01-01-2017&toDate=01-04-2017&dataType=PRICEVOLUMEDELIVERABLE
MAGADSUGAR,No content,https://www.nseindia.com/products/dynaContent/common/productsSymbolMapping.jsp?symbol=MAGADSUGAR&segmentLink=3&symbolCount=1&series=ALL&dateRange=+&fromDate=02-04-2017&toDate=30-06-2017&dataType=PRICEVOLUMEDELIVERABLE
MASKINVEST,No content,https://www.nseindia.com/products/dynaContent/common/productsSymbolMapping.jsp?symbol=MASKINVEST&segmentLink=3&symbolCount=1&series=ALL&dateRange=+&fromDate=01-07-2017&toDate=19-09-2017&dataType=PRICEVOLUMEDELIVERABLE
NIRAJISPAT,No content,https://www.nseindia.com/products/dynaContent/common/productsSymbolMapping.jsp?symbol=NIRAJISPAT&segmentLink=3&symbolCount=1&series=ALL&dateRange=+&fromDate=01-01-2017&toDate=01-04-2017&dataType=PRICEVOLUMEDELIVERABLE
NIRAJISPAT,No content,https://www.nseindia.com/products/dynaContent/common/productsSymbolMapping.jsp?symbol=NIRAJISPAT&segmentLink=3&symbolCount=1&series=ALL&dateRange=+&fromDate=02-04-2017&toDate=30-06-2017&dataType=PRICEVOLUMEDELIVERABLE
NIRAJISPAT,No content,https://www.nseindia.com/products/dynaContent/common/productsSymbolMapping.jsp?symbol=NIRAJISPAT&segmentLink=3&symbolCount=1&series=ALL&dateRange=+&fromDate=01-07-2017&toDate=19-09-2017&dataType=PRICEVOLUMEDELIVERABLE
PALASHSECU,No content,https://www.nseindia.com/products/dynaContent/common/productsSymbolMapping.jsp?symbol=PALASHSECU&segmentLink=3&symbolCount=1&series=ALL&dateRange=+&fromDate=01-01-2017&toDate=01-04-2017&dataType=PRICEVOLUMEDELIVERABLE
PALASHSECU,No content,https://www.nseindia.com/products/dynaContent/common/productsSymbolMapping.jsp?symbol=PALASHSECU&segmentLink=3&symbolCount=1&series=ALL&dateRange=+&fromDate=02-04-2017&toDate=30-06-2017&dataType=PRICEVOLUMEDELIVERABLE
SHRENIK,No content,https://www.nseindia.com/products/dynaContent/common/productsSymbolMapping.jsp?symbol=SHRENIK&segmentLink=3&symbolCount=1&series=ALL&dateRange=+&fromDate=01-01-2017&toDate=01-04-2017&dataType=PRICEVOLUMEDELIVERABLE
SHRENIK,No content,https://www.nseindia.com/products/dynaContent/common/productsSymbolMapping.jsp?symbol=SHRENIK&segmentLink=3&symbolCount=1&series=ALL&dateRange=+&fromDate=02-04-2017&toDate=30-06-2017&dataType=PRICEVOLUMEDELIVERABLE
SMSLIFE,No content,https://www.nseindia.com/products/dynaContent/common/productsSymbolMapping.jsp?symbol=SMSLIFE&segmentLink=3&symbolCount=1&series=ALL&dateRange=+&fromDate=01-01-2017&toDate=01-04-2017&dataType=PRICEVOLUMEDELIVERABLE
SMSLIFE,No content,https://www.nseindia.com/products/dynaContent/common/productsSymbolMapping.jsp?symbol=SMSLIFE&segmentLink=3&symbolCount=1&series=ALL&dateRange=+&fromDate=02-04-2017&toDate=30-06-2017&dataType=PRICEVOLUMEDELIVERABLE
WIPL,No content,https://www.nseindia.com/products/dynaContent/common/productsSymbolMapping.jsp?symbol=WIPL&segmentLink=3&symbolCount=1&series=ALL&dateRange=+&fromDate=01-01-2017&toDate=01-04-2017&dataType=PRICEVOLUMEDELIVERABLE
APEX,No content,https://www.nseindia.com/products/dynaContent/common/productsSymbolMapping.jsp?symbol=APEX&segmentLink=3&symbolCount=2&series=ALL&dateRange=+&fromDate=01-01-2017&toDate=01-04-2017&dataType=PRICEVOLUMEDELIVERABLE
APEX,No content,https://www.nseindia.com/products/dynaContent/common/productsSymbolMapping.jsp?symbol=APEX&segmentLink=3&symbolCount=2&series=ALL&dateRange=+&fromDate=02-04-2017&toDate=30-06-2017&dataType=PRICEVOLUMEDELIVERABLE
KEERTI,No content,https://www.nseindia.com/products/dynaContent/common/productsSymbolMapping.jsp?symbol=KEERTI&segmentLink=3&symbolCount=1&series=ALL&dateRange=+&fromDate=01-01-2017&toDate=01-04-2017&dataType=PRICEVOLUMEDELIVERABLE
KEERTI,No content,https://www.nseindia.com/products/dynaContent/common/productsSymbolMapping.jsp?symbol=KEERTI&segmentLink=3&symbolCount=1&series=ALL&dateRange=+&fromDate=02-04-2017&toDate=30-06-2017&dataType=PRICEVOLUMEDELIVERABLE
OPTIEMUS,No content,https://www.nseindia.com/products/dynaContent/common/productsSymbolMapping.jsp?symbol=OPTIEMUS&segmentLink=3&symbolCount=1&series=ALL&dateRange=+&fromDate=01-01-2017&toDate=01-04-2017&dataType=PRICEVOLUMEDELIVERABLE
OPTIEMUS,No content,https://www.nseindia.com/products/dynaContent/common/productsSymbolMapping.jsp?symbol=OPTIEMUS&segmentLink=3&symbolCount=1&series=ALL&dateRange=+&fromDate=02-04-2017&toDate=30-06-2017&dataType=PRICEVOLUMEDELIVERABLE
PODDARHOUS,No content,https://www.nseindia.com/products/dynaContent/common/productsSymbolMapping.jsp?symbol=PODDARHOUS&segmentLink=3&symbolCount=1&series=ALL&dateRange=+&fromDate=01-01-2017&toDate=01-04-2017&dataType=PRICEVOLUMEDELIVERABLE
SERVOTECH,No content,https://www.nseindia.com/products/dynaContent/common/productsSymbolMapping.jsp?symbol=SERVOTECH&segmentLink=3&symbolCount=1&series=ALL&dateRange=+&fromDate=01-01-2017&toDate=01-04-2017&dataType=PRICEVOLUMEDELIVERABLE
SERVOTECH,No content,https://www.nseindia.com/products/dynaContent/common/productsSymbolMapping.jsp?symbol=SERVOTECH&segmentLink=3&symbolCount=1&series=ALL&dateRange=+&fromDate=02-04-2017&toDate=30-06-2017&dataType=PRICEVOLUMEDELIVERABLE
VSCL,No content,https://www.nseindia.com/products/dynaContent/common/productsSymbolMapping.jsp?symbol=VSCL&segmentLink=3&symbolCount=1&series=ALL&dateRange=+&fromDate=01-01-2017&toDate=01-04-2017&dataType=PRICEVOLUMEDELIVERABLE
3RDROCK,No content,https://www.nseindia.com/products/dynaContent/common/productsSymbolMapping.jsp?symbol=3RDROCK&segmentLink=3&symbolCount=1&series=ALL&dateRange=+&fromDate=01-01-2017&toDate=01-04-2017&dataType=PRICEVOLUMEDELIVERABLE
3RDROCK,No content,https://www.nseindia.com/products/dynaContent/common/productsSymbolMapping.jsp?symbol=3RDROCK&segmentLink=3&symbolCount=1&series=ALL&dateRange=+&fromDate=02-04-2017&toDate=30-06-2017&dataType=PRICEVOLUMEDELIVERABLE
3RDROCK,No content,https://www.nseindia.com/products/dynaContent/common/productsSymbolMapping.jsp?symbol=3RDROCK&segmentLink=3&symbolCount=1&series=ALL&dateRange=+&fromDate=01-07-2017&toDate=19-09-2017&dataType=PRICEVOLUMEDELIVERABLE
ABCAPITAL,No content,https://www.nseindia.com/products/dynaContent/common/productsSymbolMapping.jsp?symbol=ABCAPITAL&segmentLink=3&symbolCount=1&series=ALL&dateRange=+&fromDate=01-01-2017&toDate=01-04-2017&dataType=PRICEVOLUMEDELIVERABLE
ABCAPITAL,No content,https://www.nseindia.com/products/dynaContent/common/productsSymbolMapping.jsp?symbol=ABCAPITAL&segmentLink=3&symbolCount=1&series=ALL&dateRange=+&fromDate=02-04-2017&toDate=30-06-2017&dataType=PRICEVOLUMEDELIVERABLE
ABNINT,No content,https://www.nseindia.com/products/dynaContent/common/productsSymbolMapping.jsp?symbol=ABNINT&segmentLink=3&symbolCount=1&series=ALL&dateRange=+&fromDate=01-01-2017&toDate=01-04-2017&dataType=PRICEVOLUMEDELIVERABLE
ABNINT,No content,https://www.nseindia.com/products/dynaContent/common/productsSymbolMapping.jsp?symbol=ABNINT&segmentLink=3&symbolCount=1&series=ALL&dateRange=+&fromDate=02-04-2017&toDate=30-06-2017&dataType=PRICEVOLUMEDELIVERABLE
ABNINT,No content,https://www.nseindia.com/products/dynaContent/common/productsSymbolMapping.jsp?symbol=ABNINT&segmentLink=3&symbolCount=1&series=ALL&dateRange=+&fromDate=01-07-2017&toDate=19-09-2017&dataType=PRICEVOLUMEDELIVERABLE
ACCORD,No content,https://www.nseindia.com/products/dynaContent/common/productsSymbolMapping.jsp?symbol=ACCORD&segmentLink=3&symbolCount=1&series=ALL&dateRange=+&fromDate=01-01-2017&toDate=01-04-2017&dataType=PRICEVOLUMEDELIVERABLE
ACCORD,No content,https://www.nseindia.com/products/dynaContent/common/productsSymbolMapping.jsp?symbol=ACCORD&segmentLink=3&symbolCount=1&series=ALL&dateRange=+&fromDate=02-04-2017&toDate=30-06-2017&dataType=PRICEVOLUMEDELIVERABLE
ACEINTEG,No content,https://www.nseindia.com/products/dynaContent/common/productsSymbolMapping.jsp?symbol=ACEINTEG&segmentLink=3&symbolCount=1&series=ALL&dateRange=+&fromDate=01-01-2017&toDate=01-04-2017&dataType=PRICEVOLUMEDELIVERABLE
ACEINTEG,No content,https://www.nseindia.com/products/dynaContent/common/productsSymbolMapping.jsp?symbol=ACEINTEG&segmentLink=3&symbolCount=1&series=ALL&dateRange=+&fromDate=02-04-2017&toDate=30-06-2017&dataType=PRICEVOLUMEDELIVERABLE
AGLSL,No content,https://www.nseindia.com/products/dynaContent/common/productsSymbolMapping.jsp?symbol=AGLSL&segmentLink=3&symbolCount=1&series=ALL&dateRange=+&fromDate=01-01-2017&toDate=01-04-2017&dataType=PRICEVOLUMEDELIVERABLE
AGLSL,No content,https://www.nseindia.com/products/dynaContent/common/productsSymbolMapping.jsp?symbol=AGLSL&segmentLink=3&symbolCount=1&series=ALL&dateRange=+&fromDate=02-04-2017&toDate=30-06-2017&dataType=PRICEVOLUMEDELIVERABLE
APCL,No content,https://www.nseindia.com/products/dynaContent/common/productsSymbolMapping.jsp?symbol=APCL&segmentLink=3&symbolCount=1&series=ALL&dateRange=+&fromDate=01-01-2017&toDate=01-04-2017&dataType=PRICEVOLUMEDELIVERABLE
ASLIND,No content,https://www.nseindia.com/products/dynaContent/common/productsSymbolMapping.jsp?symbol=ASLIND&segmentLink=3&symbolCount=1&series=ALL&dateRange=+&fromDate=01-01-2017&toDate=01-04-2017&dataType=PRICEVOLUMEDELIVERABLE
AUBANK,No content,https://www.nseindia.com/products/dynaContent/common/productsSymbolMapping.jsp?symbol=AUBANK&segmentLink=3&symbolCount=1&series=ALL&dateRange=+&fromDate=01-01-2017&toDate=01-04-2017&dataType=PRICEVOLUMEDELIVERABLE
AUBANK,No content,https://www.nseindia.com/products/dynaContent/common/productsSymbolMapping.jsp?symbol=AUBANK&segmentLink=3&symbolCount=1&series=ALL&dateRange=+&fromDate=02-04-2017&toDate=30-06-2017&dataType=PRICEVOLUMEDELIVERABLE
AVENTUS,No content,https://www.nseindia.com/products/dynaContent/common/productsSymbolMapping.jsp?symbol=AVENTUS&segmentLink=3&symbolCount=1&series=ALL&dateRange=+&fromDate=01-01-2017&toDate=01-04-2017&dataType=PRICEVOLUMEDELIVERABLE
AVENTUS,No content,https://www.nseindia.com/products/dynaContent/common/productsSymbolMapping.jsp?symbol=AVENTUS&segmentLink=3&symbolCount=1&series=ALL&dateRange=+&fromDate=02-04-2017&toDate=30-06-2017&dataType=PRICEVOLUMEDELIVERABLE
AVENTUS,No content,https://www.nseindia.com/products/dynaContent/common/productsSymbolMapping.jsp?symbol=AVENTUS&segmentLink=3&symbolCount=1&series=ALL&dateRange=+&fromDate=01-07-2017&toDate=19-09-2017&dataType=PRICEVOLUMEDELIVERABLE
AXISNIFTY,No content,https://www.nseindia.com/products/dynaContent/common/productsSymbolMapping.jsp?symbol=AXISNIFTY&segmentLink=3&symbolCount=1&series=ALL&dateRange=+&fromDate=01-01-2017&toDate=01-04-2017&dataType=PRICEVOLUMEDELIVERABLE
AXISNIFTY,No content,https://www.nseindia.com/products/dynaContent/common/productsSymbolMapping.jsp?symbol=AXISNIFTY&segmentLink=3&symbolCount=1&series=ALL&dateRange=+&fromDate=02-04-2017&toDate=30-06-2017&dataType=PRICEVOLUMEDELIVERABLE
BANSAL,No content,https://www.nseindia.com/products/dynaContent/common/productsSymbolMapping.jsp?symbol=BANSAL&segmentLink=3&symbolCount=1&series=ALL&dateRange=+&fromDate=01-01-2017&toDate=01-04-2017&dataType=PRICEVOLUMEDELIVERABLE
BANSAL,No content,https://www.nseindia.com/products/dynaContent/common/productsSymbolMapping.jsp?symbol=BANSAL&segmentLink=3&symbolCount=1&series=ALL&dateRange=+&fromDate=02-04-2017&toDate=30-06-2017&dataType=PRICEVOLUMEDELIVERABLE
BHAGYANGR,No content,https://www.nseindia.com/products/dynaContent/common/productsSymbolMapping.jsp?symbol=BHAGYANGR&segmentLink=3&symbolCount=1&series=ALL&dateRange=+&fromDate=01-01-2017&toDate=01-04-2017&dataType=PRICEVOLUMEDELIVERABLE
BHALCHANDR,No content,https://www.nseindia.com/products/dynaContent/common/productsSymbolMapping.jsp?symbol=BHALCHANDR&segmentLink=3&symbolCount=1&series=ALL&dateRange=+&fromDate=01-01-2017&toDate=01-04-2017&dataType=PRICEVOLUMEDELIVERABLE
BHALCHANDR,No content,https://www.nseindia.com/products/dynaContent/common/productsSymbolMapping.jsp?symbol=BHALCHANDR&segmentLink=3&symbolCount=1&series=ALL&dateRange=+&fromDate=02-04-2017&toDate=30-06-2017&dataType=PRICEVOLUMEDELIVERABLE
BHALCHANDR,No content,https://www.nseindia.com/products/dynaContent/common/productsSymbolMapping.jsp?symbol=BHALCHANDR&segmentLink=3&symbolCount=1&series=ALL&dateRange=+&fromDate=01-07-2017&toDate=19-09-2017&dataType=PRICEVOLUMEDELIVERABLE
BOHRA,No content,https://www.nseindia.com/products/dynaContent/common/productsSymbolMapping.jsp?symbol=BOHRA&segmentLink=3&symbolCount=1&series=ALL&dateRange=+&fromDate=01-01-2017&toDate=01-04-2017&dataType=PRICEVOLUMEDELIVERABLE
BRNL,No content,https://www.nseindia.com/products/dynaContent/common/productsSymbolMapping.jsp?symbol=BRNL&segmentLink=3&symbolCount=1&series=ALL&dateRange=+&fromDate=01-01-2017&toDate=01-04-2017&dataType=PRICEVOLUMEDELIVERABLE
BRNL,No content,https://www.nseindia.com/products/dynaContent/common/productsSymbolMapping.jsp?symbol=BRNL&segmentLink=3&symbolCount=1&series=ALL&dateRange=+&fromDate=02-04-2017&toDate=30-06-2017&dataType=PRICEVOLUMEDELIVERABLE
CAPCO,No content,https://www.nseindia.com/products/dynaContent/common/productsSymbolMapping.jsp?symbol=CAPCO&segmentLink=3&symbolCount=1&series=ALL&dateRange=+&fromDate=01-01-2017&toDate=01-04-2017&dataType=PRICEVOLUMEDELIVERABLE
CAPCO,No content,https://www.nseindia.com/products/dynaContent/common/productsSymbolMapping.jsp?symbol=CAPCO&segmentLink=3&symbolCount=1&series=ALL&dateRange=+&fromDate=02-04-2017&toDate=30-06-2017&dataType=PRICEVOLUMEDELIVERABLE
CAPCO,No content,https://www.nseindia.com/products/dynaContent/common/productsSymbolMapping.jsp?symbol=CAPCO&segmentLink=3&symbolCount=1&series=ALL&dateRange=+&fromDate=01-07-2017&toDate=19-09-2017&dataType=PRICEVOLUMEDELIVERABLE
CDSL,No content,https://www.nseindia.com/products/dynaContent/common/productsSymbolMapping.jsp?symbol=CDSL&segmentLink=3&symbolCount=2&series=ALL&dateRange=+&fromDate=01-01-2017&toDate=01-04-2017&dataType=PRICEVOLUMEDELIVERABLE
CKPPRODUCT,No content,https://www.nseindia.com/products/dynaContent/common/productsSymbolMapping.jsp?symbol=CKPPRODUCT&segmentLink=3&symbolCount=1&series=ALL&dateRange=+&fromDate=01-01-2017&toDate=01-04-2017&dataType=PRICEVOLUMEDELIVERABLE
COCHINSHIP,No content,https://www.nseindia.com/products/dynaContent/common/productsSymbolMapping.jsp?symbol=COCHINSHIP&segmentLink=3&symbolCount=1&series=ALL&dateRange=+&fromDate=01-01-2017&toDate=01-04-2017&dataType=PRICEVOLUMEDELIVERABLE
COCHINSHIP,No content,https://www.nseindia.com/products/dynaContent/common/productsSymbolMapping.jsp?symbol=COCHINSHIP&segmentLink=3&symbolCount=1&series=ALL&dateRange=+&fromDate=02-04-2017&toDate=30-06-2017&dataType=PRICEVOLUMEDELIVERABLE
CREATIVE,No content,https://www.nseindia.com/products/dynaContent/common/productsSymbolMapping.jsp?symbol=CREATIVE&segmentLink=3&symbolCount=2&series=ALL&dateRange=+&fromDate=01-01-2017&toDate=01-04-2017&dataType=PRICEVOLUMEDELIVERABLE
DEVIT,No content,https://www.nseindia.com/products/dynaContent/common/productsSymbolMapping.jsp?symbol=DEVIT&segmentLink=3&symbolCount=1&series=ALL&dateRange=+&fromDate=01-01-2017&toDate=01-04-2017&dataType=PRICEVOLUMEDELIVERABLE
DIXON,No content,https://www.nseindia.com/products/dynaContent/common/productsSymbolMapping.jsp?symbol=DIXON&segmentLink=3&symbolCount=1&series=ALL&dateRange=+&fromDate=01-01-2017&toDate=01-04-2017&dataType=PRICEVOLUMEDELIVERABLE
DIXON,No content,https://www.nseindia.com/products/dynaContent/common/productsSymbolMapping.jsp?symbol=DIXON&segmentLink=3&symbolCount=1&series=ALL&dateRange=+&fromDate=02-04-2017&toDate=30-06-2017&dataType=PRICEVOLUMEDELIVERABLE
DOLLAR,No content,https://www.nseindia.com/products/dynaContent/common/productsSymbolMapping.jsp?symbol=DOLLAR&segmentLink=3&symbolCount=1&series=ALL&dateRange=+&fromDate=01-01-2017&toDate=01-04-2017&dataType=PRICEVOLUMEDELIVERABLE
DYNPRO,No content,https://www.nseindia.com/products/dynaContent/common/productsSymbolMapping.jsp?symbol=DYNPRO&segmentLink=3&symbolCount=1&series=ALL&dateRange=+&fromDate=01-01-2017&toDate=01-04-2017&dataType=PRICEVOLUMEDELIVERABLE
DYNPRO,No content,https://www.nseindia.com/products/dynaContent/common/productsSymbolMapping.jsp?symbol=DYNPRO&segmentLink=3&symbolCount=1&series=ALL&dateRange=+&fromDate=02-04-2017&toDate=30-06-2017&dataType=PRICEVOLUMEDELIVERABLE
ERIS,No content,https://www.nseindia.com/products/dynaContent/common/productsSymbolMapping.jsp?symbol=ERIS&segmentLink=3&symbolCount=1&series=ALL&dateRange=+&fromDate=01-01-2017&toDate=01-04-2017&dataType=PRICEVOLUMEDELIVERABLE
FORTUNEFIN,No content,https://www.nseindia.com/products/dynaContent/common/productsSymbolMapping.jsp?symbol=FORTUNEFIN&segmentLink=3&symbolCount=1&series=ALL&dateRange=+&fromDate=01-01-2017&toDate=01-04-2017&dataType=PRICEVOLUMEDELIVERABLE
FORTUNEFIN,No content,https://www.nseindia.com/products/dynaContent/common/productsSymbolMapping.jsp?symbol=FORTUNEFIN&segmentLink=3&symbolCount=1&series=ALL&dateRange=+&fromDate=02-04-2017&toDate=30-06-2017&dataType=PRICEVOLUMEDELIVERABLE
FROGCELL,No content,https://www.nseindia.com/products/dynaContent/common/productsSymbolMapping.jsp?symbol=FROGCELL&segmentLink=3&symbolCount=1&series=ALL&dateRange=+&fromDate=01-01-2017&toDate=01-04-2017&dataType=PRICEVOLUMEDELIVERABLE
FROGCELL,No content,https://www.nseindia.com/products/dynaContent/common/productsSymbolMapping.jsp?symbol=FROGCELL&segmentLink=3&symbolCount=1&series=ALL&dateRange=+&fromDate=02-04-2017&toDate=30-06-2017&dataType=PRICEVOLUMEDELIVERABLE
FROGCELL,No content,https://www.nseindia.com/products/dynaContent/common/productsSymbolMapping.jsp?symbol=FROGCELL&segmentLink=3&symbolCount=1&series=ALL&dateRange=+&fromDate=01-07-2017&toDate=19-09-2017&dataType=PRICEVOLUMEDELIVERABLE
GEEKAYWIRE,No content,https://www.nseindia.com/products/dynaContent/common/productsSymbolMapping.jsp?symbol=GEEKAYWIRE&segmentLink=3&symbolCount=1&series=ALL&dateRange=+&fromDate=01-01-2017&toDate=01-04-2017&dataType=PRICEVOLUMEDELIVERABLE
GEEKAYWIRE,No content,https://www.nseindia.com/products/dynaContent/common/productsSymbolMapping.jsp?symbol=GEEKAYWIRE&segmentLink=3&symbolCount=1&series=ALL&dateRange=+&fromDate=02-04-2017&toDate=30-06-2017&dataType=PRICEVOLUMEDELIVERABLE
GET&D,No content,https://www.nseindia.com/products/dynaContent/common/productsSymbolMapping.jsp?symbol=GET&D&segmentLink=3&symbolCount=2&series=ALL&dateRange=+&fromDate=01-01-2017&toDate=01-04-2017&dataType=PRICEVOLUMEDELIVERABLE
GET&D,No content,https://www.nseindia.com/products/dynaContent/common/productsSymbolMapping.jsp?symbol=GET&D&segmentLink=3&symbolCount=2&series=ALL&dateRange=+&fromDate=02-04-2017&toDate=30-06-2017&dataType=PRICEVOLUMEDELIVERABLE
GET&D,No content,https://www.nseindia.com/products/dynaContent/common/productsSymbolMapping.jsp?symbol=GET&D&segmentLink=3&symbolCount=2&series=ALL&dateRange=+&fromDate=01-07-2017&toDate=19-09-2017&dataType=PRICEVOLUMEDELIVERABLE
GLOBE,No content,https://www.nseindia.com/products/dynaContent/common/productsSymbolMapping.jsp?symbol=GLOBE&segmentLink=3&symbolCount=2&series=ALL&dateRange=+&fromDate=01-01-2017&toDate=01-04-2017&dataType=PRICEVOLUMEDELIVERABLE
GTPL,No content,https://www.nseindia.com/products/dynaContent/common/productsSymbolMapping.jsp?symbol=GTPL&segmentLink=3&symbolCount=1&series=ALL&dateRange=+&fromDate=01-01-2017&toDate=01-04-2017&dataType=PRICEVOLUMEDELIVERABLE
GTPL,No content,https://www.nseindia.com/products/dynaContent/common/productsSymbolMapping.jsp?symbol=GTPL&segmentLink=3&symbolCount=1&series=ALL&dateRange=+&fromDate=02-04-2017&toDate=30-06-2017&dataType=PRICEVOLUMEDELIVERABLE
IL&FSENGG,No content,https://www.nseindia.com/products/dynaContent/common/productsSymbolMapping.jsp?symbol=IL&FSENGG&segmentLink=3&symbolCount=2&series=ALL&dateRange=+&fromDate=01-01-2017&toDate=01-04-2017&dataType=PRICEVOLUMEDELIVERABLE
IL&FSENGG,No content,https://www.nseindia.com/products/dynaContent/common/productsSymbolMapping.jsp?symbol=IL&FSENGG&segmentLink=3&symbolCount=2&series=ALL&dateRange=+&fromDate=02-04-2017&toDate=30-06-2017&dataType=PRICEVOLUMEDELIVERABLE
IL&FSENGG,No content,https://www.nseindia.com/products/dynaContent/common/productsSymbolMapping.jsp?symbol=IL&FSENGG&segmentLink=3&symbolCount=2&series=ALL&dateRange=+&fromDate=01-07-2017&toDate=19-09-2017&dataType=PRICEVOLUMEDELIVERABLE
IL&FSTRANS,No content,https://www.nseindia.com/products/dynaContent/common/productsSymbolMapping.jsp?symbol=IL&FSTRANS&segmentLink=3&symbolCount=2&series=ALL&dateRange=+&fromDate=01-01-2017&toDate=01-04-2017&dataType=PRICEVOLUMEDELIVERABLE
IL&FSTRANS,No content,https://www.nseindia.com/products/dynaContent/common/productsSymbolMapping.jsp?symbol=IL&FSTRANS&segmentLink=3&symbolCount=2&series=ALL&dateRange=+&fromDate=02-04-2017&toDate=30-06-2017&dataType=PRICEVOLUMEDELIVERABLE
IL&FSTRANS,No content,https://www.nseindia.com/products/dynaContent/common/productsSymbolMapping.jsp?symbol=IL&FSTRANS&segmentLink=3&symbolCount=2&series=ALL&dateRange=+&fromDate=01-07-2017&toDate=19-09-2017&dataType=PRICEVOLUMEDELIVERABLE
INDIGRID,No content,https://www.nseindia.com/products/dynaContent/common/productsSymbolMapping.jsp?symbol=INDIGRID&segmentLink=3&symbolCount=1&series=ALL&dateRange=+&fromDate=01-01-2017&toDate=01-04-2017&dataType=PRICEVOLUMEDELIVERABLE
INFOBEAN,No content,https://www.nseindia.com/products/dynaContent/common/productsSymbolMapping.jsp?symbol=INFOBEAN&segmentLink=3&symbolCount=2&series=ALL&dateRange=+&fromDate=01-01-2017&toDate=01-04-2017&dataType=PRICEVOLUMEDELIVERABLE
IRBINVIT,No content,https://www.nseindia.com/products/dynaContent/common/productsSymbolMapping.jsp?symbol=IRBINVIT&segmentLink=3&symbolCount=1&series=ALL&dateRange=+&fromDate=01-01-2017&toDate=01-04-2017&dataType=PRICEVOLUMEDELIVERABLE
JALAN,No content,https://www.nseindia.com/products/dynaContent/common/productsSymbolMapping.jsp?symbol=JALAN&segmentLink=3&symbolCount=2&series=ALL&dateRange=+&fromDate=01-01-2017&toDate=01-04-2017&dataType=PRICEVOLUMEDELIVERABLE
J&KBANK,No content,https://www.nseindia.com/products/dynaContent/common/productsSymbolMapping.jsp?symbol=J&KBANK&segmentLink=3&symbolCount=2&series=ALL&dateRange=+&fromDate=01-01-2017&toDate=01-04-2017&dataType=PRICEVOLUMEDELIVERABLE
J&KBANK,No content,https://www.nseindia.com/products/dynaContent/common/productsSymbolMapping.jsp?symbol=J&KBANK&segmentLink=3&symbolCount=2&series=ALL&dateRange=+&fromDate=02-04-2017&toDate=30-06-2017&dataType=PRICEVOLUMEDELIVERABLE
J&KBANK,No content,https://www.nseindia.com/products/dynaContent/common/productsSymbolMapping.jsp?symbol=J&KBANK&segmentLink=3&symbolCount=2&series=ALL&dateRange=+&fromDate=01-07-2017&toDate=19-09-2017&dataType=PRICEVOLUMEDELIVERABLE
KAWIRES,No content,https://www.nseindia.com/products/dynaContent/common/productsSymbolMapping.jsp?symbol=KAWIRES&segmentLink=3&symbolCount=1&series=ALL&dateRange=+&fromDate=02-04-2017&toDate=30-06-2017&dataType=PRICEVOLUMEDELIVERABLE
KAWIRES,No content,https://www.nseindia.com/products/dynaContent/common/productsSymbolMapping.jsp?symbol=KAWIRES&segmentLink=3&symbolCount=1&series=ALL&dateRange=+&fromDate=01-07-2017&toDate=19-09-2017&dataType=PRICEVOLUMEDELIVERABLE
LOWVOLIWIN,No content,https://www.nseindia.com/products/dynaContent/common/productsSymbolMapping.jsp?symbol=LOWVOLIWIN&segmentLink=3&symbolCount=1&series=ALL&dateRange=+&fromDate=01-01-2017&toDate=01-04-2017&dataType=PRICEVOLUMEDELIVERABLE
LOWVOLIWIN,No content,https://www.nseindia.com/products/dynaContent/common/productsSymbolMapping.jsp?symbol=LOWVOLIWIN&segmentLink=3&symbolCount=1&series=ALL&dateRange=+&fromDate=02-04-2017&toDate=30-06-2017&dataType=PRICEVOLUMEDELIVERABLE
MANAV,No content,https://www.nseindia.com/products/dynaContent/common/productsSymbolMapping.jsp?symbol=MANAV&segmentLink=3&symbolCount=1&series=ALL&dateRange=+&fromDate=01-01-2017&toDate=01-04-2017&dataType=PRICEVOLUMEDELIVERABLE
MANAV,No content,https://www.nseindia.com/products/dynaContent/common/productsSymbolMapping.jsp?symbol=MANAV&segmentLink=3&symbolCount=1&series=ALL&dateRange=+&fromDate=02-04-2017&toDate=30-06-2017&dataType=PRICEVOLUMEDELIVERABLE
MATRIMONY,No content,https://www.nseindia.com/products/dynaContent/common/productsSymbolMapping.jsp?symbol=MATRIMONY&segmentLink=3&symbolCount=0&series=ALL&dateRange=+&fromDate=01-01-2017&toDate=01-04-2017&dataType=PRICEVOLUMEDELIVERABLE
MATRIMONY,No content,https://www.nseindia.com/products/dynaContent/common/productsSymbolMapping.jsp?symbol=MATRIMONY&segmentLink=3&symbolCount=0&series=ALL&dateRange=+&fromDate=02-04-2017&toDate=30-06-2017&dataType=PRICEVOLUMEDELIVERABLE
MATRIMONY,No content,https://www.nseindia.com/products/dynaContent/common/productsSymbolMapping.jsp?symbol=MATRIMONY&segmentLink=3&symbolCount=0&series=ALL&dateRange=+&fromDate=01-07-2017&toDate=19-09-2017&dataType=PRICEVOLUMEDELIVERABLE
MKPL,No content,https://www.nseindia.com/products/dynaContent/common/productsSymbolMapping.jsp?symbol=MKPL&segmentLink=3&symbolCount=1&series=ALL&dateRange=+&fromDate=01-01-2017&toDate=01-04-2017&dataType=PRICEVOLUMEDELIVERABLE
MMNL,No content,https://www.nseindia.com/products/dynaContent/common/productsSymbolMapping.jsp?symbol=MMNL&segmentLink=3&symbolCount=1&series=ALL&dateRange=+&fromDate=01-01-2017&toDate=01-04-2017&dataType=PRICEVOLUMEDELIVERABLE
MMNL,No content,https://www.nseindia.com/products/dynaContent/common/productsSymbolMapping.jsp?symbol=MMNL&segmentLink=3&symbolCount=1&series=ALL&dateRange=+&fromDate=02-04-2017&toDate=30-06-2017&dataType=PRICEVOLUMEDELIVERABLE
MMNL,No content,https://www.nseindia.com/products/dynaContent/common/productsSymbolMapping.jsp?symbol=MMNL&segmentLink=3&symbolCount=1&series=ALL&dateRange=+&fromDate=01-07-2017&toDate=19-09-2017&dataType=PRICEVOLUMEDELIVERABLE
MOHINI,No content,https://www.nseindia.com/products/dynaContent/common/productsSymbolMapping.jsp?symbol=MOHINI&segmentLink=3&symbolCount=1&series=ALL&dateRange=+&fromDate=01-01-2017&toDate=01-04-2017&dataType=PRICEVOLUMEDELIVERABLE
MOHINI,No content,https://www.nseindia.com/products/dynaContent/common/productsSymbolMapping.jsp?symbol=MOHINI&segmentLink=3&symbolCount=1&series=ALL&dateRange=+&fromDate=02-04-2017&toDate=30-06-2017&dataType=PRICEVOLUMEDELIVERABLE
MRO,No content,https://www.nseindia.com/products/dynaContent/common/productsSymbolMapping.jsp?symbol=MRO&segmentLink=3&symbolCount=2&series=ALL&dateRange=+&fromDate=01-01-2017&toDate=01-04-2017&dataType=PRICEVOLUMEDELIVERABLE
MRO,No content,https://www.nseindia.com/products/dynaContent/common/productsSymbolMapping.jsp?symbol=MRO&segmentLink=3&symbolCount=2&series=ALL&dateRange=+&fromDate=02-04-2017&toDate=30-06-2017&dataType=PRICEVOLUMEDELIVERABLE
MRO,No content,https://www.nseindia.com/products/dynaContent/common/productsSymbolMapping.jsp?symbol=MRO&segmentLink=3&symbolCount=2&series=ALL&dateRange=+&fromDate=01-07-2017&toDate=19-09-2017&dataType=PRICEVOLUMEDELIVERABLE
NAGAAGRI,No content,https://www.nseindia.com/products/dynaContent/common/productsSymbolMapping.jsp?symbol=NAGAAGRI&segmentLink=3&symbolCount=1&series=ALL&dateRange=+&fromDate=01-01-2017&toDate=01-04-2017&dataType=PRICEVOLUMEDELIVERABLE
NEO,No content,https://www.nseindia.com/products/dynaContent/common/productsSymbolMapping.jsp?symbol=NEO&segmentLink=3&symbolCount=2&series=ALL&dateRange=+&fromDate=01-01-2017&toDate=01-04-2017&dataType=PRICEVOLUMEDELIVERABLE
NEO,No content,https://www.nseindia.com/products/dynaContent/common/productsSymbolMapping.jsp?symbol=NEO&segmentLink=3&symbolCount=2&series=ALL&dateRange=+&fromDate=02-04-2017&toDate=30-06-2017&dataType=PRICEVOLUMEDELIVERABLE
NEO,No content,https://www.nseindia.com/products/dynaContent/common/productsSymbolMapping.jsp?symbol=NEO&segmentLink=3&symbolCount=2&series=ALL&dateRange=+&fromDate=01-07-2017&toDate=19-09-2017&dataType=PRICEVOLUMEDELIVERABLE
NRAIL,No content,https://www.nseindia.com/products/dynaContent/common/productsSymbolMapping.jsp?symbol=NRAIL&segmentLink=3&symbolCount=2&series=ALL&dateRange=+&fromDate=01-01-2017&toDate=01-04-2017&dataType=PRICEVOLUMEDELIVERABLE
OPAL,No content,https://www.nseindia.com/products/dynaContent/common/productsSymbolMapping.jsp?symbol=OPAL&segmentLink=3&symbolCount=2&series=ALL&dateRange=+&fromDate=02-04-2017&toDate=30-06-2017&dataType=PRICEVOLUMEDELIVERABLE
OPAL,No content,https://www.nseindia.com/products/dynaContent/common/productsSymbolMapping.jsp?symbol=OPAL&segmentLink=3&symbolCount=2&series=ALL&dateRange=+&fromDate=01-07-2017&toDate=19-09-2017&dataType=PRICEVOLUMEDELIVERABLE
PANACHE,No content,https://www.nseindia.com/products/dynaContent/common/productsSymbolMapping.jsp?symbol=PANACHE&segmentLink=3&symbolCount=1&series=ALL&dateRange=+&fromDate=01-01-2017&toDate=01-04-2017&dataType=PRICEVOLUMEDELIVERABLE
PASHUPATI,No content,https://www.nseindia.com/products/dynaContent/common/productsSymbolMapping.jsp?symbol=PASHUPATI&segmentLink=3&symbolCount=2&series=ALL&dateRange=+&fromDate=01-01-2017&toDate=01-04-2017&dataType=PRICEVOLUMEDELIVERABLE
PASHUPATI,No content,https://www.nseindia.com/products/dynaContent/common/productsSymbolMapping.jsp?symbol=PASHUPATI&segmentLink=3&symbolCount=2&series=ALL&dateRange=+&fromDate=02-04-2017&toDate=30-06-2017&dataType=PRICEVOLUMEDELIVERABLE
PSPPROJECT,No content,https://www.nseindia.com/products/dynaContent/common/productsSymbolMapping.jsp?symbol=PSPPROJECT&segmentLink=3&symbolCount=1&series=ALL&dateRange=+&fromDate=01-01-2017&toDate=01-04-2017&dataType=PRICEVOLUMEDELIVERABLE
PUSHPREALM,No content,https://www.nseindia.com/products/dynaContent/common/productsSymbolMapping.jsp?symbol=PUSHPREALM&segmentLink=3&symbolCount=1&series=ALL&dateRange=+&fromDate=01-01-2017&toDate=01-04-2017&dataType=PRICEVOLUMEDELIVERABLE
PUSHPREALM,No content,https://www.nseindia.com/products/dynaContent/common/productsSymbolMapping.jsp?symbol=PUSHPREALM&segmentLink=3&symbolCount=1&series=ALL&dateRange=+&fromDate=02-04-2017&toDate=30-06-2017&dataType=PRICEVOLUMEDELIVERABLE
QVC,No content,https://www.nseindia.com/products/dynaContent/common/productsSymbolMapping.jsp?symbol=QVC&segmentLink=3&symbolCount=1&series=ALL&dateRange=+&fromDate=01-01-2017&toDate=01-04-2017&dataType=PRICEVOLUMEDELIVERABLE
QVC,No content,https://www.nseindia.com/products/dynaContent/common/productsSymbolMapping.jsp?symbol=QVC&segmentLink=3&symbolCount=1&series=ALL&dateRange=+&fromDate=02-04-2017&toDate=30-06-2017&dataType=PRICEVOLUMEDELIVERABLE
QVC,No content,https://www.nseindia.com/products/dynaContent/common/productsSymbolMapping.jsp?symbol=QVC&segmentLink=3&symbolCount=1&series=ALL&dateRange=+&fromDate=01-07-2017&toDate=19-09-2017&dataType=PRICEVOLUMEDELIVERABLE
SAGARDEEP,No content,https://www.nseindia.com/products/dynaContent/common/productsSymbolMapping.jsp?symbol=SAGARDEEP&segmentLink=3&symbolCount=1&series=ALL&dateRange=+&fromDate=01-01-2017&toDate=01-04-2017&dataType=PRICEVOLUMEDELIVERABLE
SAGARDEEP,No content,https://www.nseindia.com/products/dynaContent/common/productsSymbolMapping.jsp?symbol=SAGARDEEP&segmentLink=3&symbolCount=1&series=ALL&dateRange=+&fromDate=02-04-2017&toDate=30-06-2017&dataType=PRICEVOLUMEDELIVERABLE
SALASAR,No content,https://www.nseindia.com/products/dynaContent/common/productsSymbolMapping.jsp?symbol=SALASAR&segmentLink=3&symbolCount=1&series=ALL&dateRange=+&fromDate=01-01-2017&toDate=01-04-2017&dataType=PRICEVOLUMEDELIVERABLE
SALASAR,No content,https://www.nseindia.com/products/dynaContent/common/productsSymbolMapping.jsp?symbol=SALASAR&segmentLink=3&symbolCount=1&series=ALL&dateRange=+&fromDate=02-04-2017&toDate=30-06-2017&dataType=PRICEVOLUMEDELIVERABLE
SCHAND,No content,https://www.nseindia.com/products/dynaContent/common/productsSymbolMapping.jsp?symbol=SCHAND&segmentLink=3&symbolCount=1&series=ALL&dateRange=+&fromDate=01-01-2017&toDate=01-04-2017&dataType=PRICEVOLUMEDELIVERABLE
SHANKARA,No content,https://www.nseindia.com/products/dynaContent/common/productsSymbolMapping.jsp?symbol=SHANKARA&segmentLink=3&symbolCount=1&series=ALL&dateRange=+&fromDate=01-01-2017&toDate=01-04-2017&dataType=PRICEVOLUMEDELIVERABLE
SHANTI,No content,https://www.nseindia.com/products/dynaContent/common/productsSymbolMapping.jsp?symbol=SHANTI&segmentLink=3&symbolCount=2&series=ALL&dateRange=+&fromDate=01-01-2017&toDate=01-04-2017&dataType=PRICEVOLUMEDELIVERABLE
SHANTI,No content,https://www.nseindia.com/products/dynaContent/common/productsSymbolMapping.jsp?symbol=SHANTI&segmentLink=3&symbolCount=2&series=ALL&dateRange=+&fromDate=02-04-2017&toDate=30-06-2017&dataType=PRICEVOLUMEDELIVERABLE
SIKKO,No content,https://www.nseindia.com/products/dynaContent/common/productsSymbolMapping.jsp?symbol=SIKKO&segmentLink=3&symbolCount=1&series=ALL&dateRange=+&fromDate=01-01-2017&toDate=01-04-2017&dataType=PRICEVOLUMEDELIVERABLE
SIS,No content,https://www.nseindia.com/products/dynaContent/common/productsSymbolMapping.jsp?symbol=SIS&segmentLink=3&symbolCount=2&series=ALL&dateRange=+&fromDate=01-01-2017&toDate=01-04-2017&dataType=PRICEVOLUMEDELIVERABLE
SIS,No content,https://www.nseindia.com/products/dynaContent/common/productsSymbolMapping.jsp?symbol=SIS&segmentLink=3&symbolCount=2&series=ALL&dateRange=+&fromDate=02-04-2017&toDate=30-06-2017&dataType=PRICEVOLUMEDELIVERABLE
SPTL,No content,https://www.nseindia.com/products/dynaContent/common/productsSymbolMapping.jsp?symbol=SPTL&segmentLink=3&symbolCount=1&series=ALL&dateRange=+&fromDate=01-01-2017&toDate=01-04-2017&dataType=PRICEVOLUMEDELIVERABLE
SPTL,No content,https://www.nseindia.com/products/dynaContent/common/productsSymbolMapping.jsp?symbol=SPTL&segmentLink=3&symbolCount=1&series=ALL&dateRange=+&fromDate=02-04-2017&toDate=30-06-2017&dataType=PRICEVOLUMEDELIVERABLE
SRIRAM,No content,https://www.nseindia.com/products/dynaContent/common/productsSymbolMapping.jsp?symbol=SRIRAM&segmentLink=3&symbolCount=1&series=ALL&dateRange=+&fromDate=01-01-2017&toDate=01-04-2017&dataType=PRICEVOLUMEDELIVERABLE
STARCEMENT,No content,https://www.nseindia.com/products/dynaContent/common/productsSymbolMapping.jsp?symbol=STARCEMENT&segmentLink=3&symbolCount=1&series=ALL&dateRange=+&fromDate=01-01-2017&toDate=01-04-2017&dataType=PRICEVOLUMEDELIVERABLE
STEELXIND,No content,https://www.nseindia.com/products/dynaContent/common/productsSymbolMapping.jsp?symbol=STEELXIND&segmentLink=3&symbolCount=1&series=ALL&dateRange=+&fromDate=01-01-2017&toDate=01-04-2017&dataType=PRICEVOLUMEDELIVERABLE
STEELXIND,No content,https://www.nseindia.com/products/dynaContent/common/productsSymbolMapping.jsp?symbol=STEELXIND&segmentLink=3&symbolCount=1&series=ALL&dateRange=+&fromDate=02-04-2017&toDate=30-06-2017&dataType=PRICEVOLUMEDELIVERABLE
SUREVIN,No content,https://www.nseindia.com/products/dynaContent/common/productsSymbolMapping.jsp?symbol=SUREVIN&segmentLink=3&symbolCount=1&series=ALL&dateRange=+&fromDate=01-01-2017&toDate=01-04-2017&dataType=PRICEVOLUMEDELIVERABLE
SUREVIN,No content,https://www.nseindia.com/products/dynaContent/common/productsSymbolMapping.jsp?symbol=SUREVIN&segmentLink=3&symbolCount=1&series=ALL&dateRange=+&fromDate=02-04-2017&toDate=30-06-2017&dataType=PRICEVOLUMEDELIVERABLE
TEJASNET,No content,https://www.nseindia.com/products/dynaContent/common/productsSymbolMapping.jsp?symbol=TEJASNET&segmentLink=3&symbolCount=1&series=ALL&dateRange=+&fromDate=01-01-2017&toDate=01-04-2017&dataType=PRICEVOLUMEDELIVERABLE
TOTAL,No content,https://www.nseindia.com/products/dynaContent/common/productsSymbolMapping.jsp?symbol=TOTAL&segmentLink=3&symbolCount=1&series=ALL&dateRange=+&fromDate=01-01-2017&toDate=01-04-2017&dataType=PRICEVOLUMEDELIVERABLE
TOTAL,No content,https://www.nseindia.com/products/dynaContent/common/productsSymbolMapping.jsp?symbol=TOTAL&segmentLink=3&symbolCount=1&series=ALL&dateRange=+&fromDate=02-04-2017&toDate=30-06-2017&dataType=PRICEVOLUMEDELIVERABLE
TRANSWIND,No content,https://www.nseindia.com/products/dynaContent/common/productsSymbolMapping.jsp?symbol=TRANSWIND&segmentLink=3&symbolCount=1&series=ALL&dateRange=+&fromDate=01-01-2017&toDate=01-04-2017&dataType=PRICEVOLUMEDELIVERABLE
TRANSWIND,No content,https://www.nseindia.com/products/dynaContent/common/productsSymbolMapping.jsp?symbol=TRANSWIND&segmentLink=3&symbolCount=1&series=ALL&dateRange=+&fromDate=02-04-2017&toDate=30-06-2017&dataType=PRICEVOLUMEDELIVERABLE
UNIVASTU,No content,https://www.nseindia.com/products/dynaContent/common/productsSymbolMapping.jsp?symbol=UNIVASTU&segmentLink=3&symbolCount=1&series=ALL&dateRange=+&fromDate=01-01-2017&toDate=01-04-2017&dataType=PRICEVOLUMEDELIVERABLE
UNIVASTU,No content,https://www.nseindia.com/products/dynaContent/common/productsSymbolMapping.jsp?symbol=UNIVASTU&segmentLink=3&symbolCount=1&series=ALL&dateRange=+&fromDate=02-04-2017&toDate=30-06-2017&dataType=PRICEVOLUMEDELIVERABLE
UTINEXT50,No content,https://www.nseindia.com/products/dynaContent/common/productsSymbolMapping.jsp?symbol=UTINEXT50&segmentLink=3&symbolCount=1&series=ALL&dateRange=+&fromDate=01-01-2017&toDate=01-04-2017&dataType=PRICEVOLUMEDELIVERABLE
UTINEXT50,No content,https://www.nseindia.com/products/dynaContent/common/productsSymbolMapping.jsp?symbol=UTINEXT50&segmentLink=3&symbolCount=1&series=ALL&dateRange=+&fromDate=02-04-2017&toDate=30-06-2017&dataType=PRICEVOLUMEDELIVERABLE
VAISHALI,No content,https://www.nseindia.com/products/dynaContent/common/productsSymbolMapping.jsp?symbol=VAISHALI&segmentLink=3&symbolCount=1&series=ALL&dateRange=+&fromDate=01-01-2017&toDate=01-04-2017&dataType=PRICEVOLUMEDELIVERABLE
VAISHALI,No content,https://www.nseindia.com/products/dynaContent/common/productsSymbolMapping.jsp?symbol=VAISHALI&segmentLink=3&symbolCount=1&series=ALL&dateRange=+&fromDate=02-04-2017&toDate=30-06-2017&dataType=PRICEVOLUMEDELIVERABLE
ZOTA,No content,https://www.nseindia.com/products/dynaContent/common/productsSymbolMapping.jsp?symbol=ZOTA&segmentLink=3&symbolCount=1&series=ALL&dateRange=+&fromDate=01-01-2017&toDate=01-04-2017&dataType=PRICEVOLUMEDELIVERABLE
L&TFH,No content,https://www.nseindia.com/products/dynaContent/common/productsSymbolMapping.jsp?symbol=L&TFH&segmentLink=3&symbolCount=2&series=ALL&dateRange=+&fromDate=01-01-2017&toDate=01-04-2017&dataType=PRICEVOLUMEDELIVERABLE
L&TFH,No content,https://www.nseindia.com/products/dynaContent/common/productsSymbolMapping.jsp?symbol=L&TFH&segmentLink=3&symbolCount=2&series=ALL&dateRange=+&fromDate=02-04-2017&toDate=30-06-2017&dataType=PRICEVOLUMEDELIVERABLE
L&TFH,No content,https://www.nseindia.com/products/dynaContent/common/productsSymbolMapping.jsp?symbol=L&TFH&segmentLink=3&symbolCount=2&series=ALL&dateRange=+&fromDate=01-07-2017&toDate=19-09-2017&dataType=PRICEVOLUMEDELIVERABLE
M&M,No content,https://www.nseindia.com/products/dynaContent/common/productsSymbolMapping.jsp?symbol=M&M&segmentLink=3&symbolCount=2&series=ALL&dateRange=+&fromDate=01-01-2017&toDate=01-04-2017&dataType=PRICEVOLUMEDELIVERABLE
M&M,No content,https://www.nseindia.com/products/dynaContent/common/productsSymbolMapping.jsp?symbol=M&M&segmentLink=3&symbolCount=2&series=ALL&dateRange=+&fromDate=02-04-2017&toDate=30-06-2017&dataType=PRICEVOLUMEDELIVERABLE
M&M,No content,https://www.nseindia.com/products/dynaContent/common/productsSymbolMapping.jsp?symbol=M&M&segmentLink=3&symbolCount=2&series=ALL&dateRange=+&fromDate=01-07-2017&toDate=19-09-2017&dataType=PRICEVOLUMEDELIVERABLE
M&MFIN,No content,https://www.nseindia.com/products/dynaContent/common/productsSymbolMapping.jsp?symbol=M&MFIN&segmentLink=3&symbolCount=2&series=ALL&dateRange=+&fromDate=01-01-2017&toDate=01-04-2017&dataType=PRICEVOLUMEDELIVERABLE
M&MFIN,No content,https://www.nseindia.com/products/dynaContent/common/productsSymbolMapping.jsp?symbol=M&MFIN&segmentLink=3&symbolCount=2&series=ALL&dateRange=+&fromDate=02-04-2017&toDate=30-06-2017&dataType=PRICEVOLUMEDELIVERABLE
M&MFIN,No content,https://www.nseindia.com/products/dynaContent/common/productsSymbolMapping.jsp?symbol=M&MFIN&segmentLink=3&symbolCount=2&series=ALL&dateRange=+&fromDate=01-07-2017&toDate=19-09-2017&dataType=PRICEVOLUMEDELIVERABLE
